AMBROS-EFEDR; лщЦИСТО ЛщЦЕХОР ;1106,17;
ambros20181103220000.z01.id-203071EE.[stopencrypt@qq.com].adobe;0158,53;11/11/2018 3:06:55 ЛЛ;
********************////////*************************;;; пяобкгла пакио аявеио
ambros20181106220000.z01.id-203071EE.[stopencrypt@qq.com].adobe;0141,34;11/11/2018 3:06:58 ЛЛ;
********************************************;;; пяобкгла лийяо лецехос аявеиоу
ANDREOVITS-TIMHS ENEKEN; лщЦИСТО ЛщЦЕХОР ;60,79;
MERCURY201808111100.zip;0056,26;11/8/2018 10:15:18 ПЛ;
********************////////*************************;;; пяобкгла пакио аявеио
MERCURY201808141100.zip;0056,27;14/8/2018 10:15:50 ПЛ;
********************************************;;; пяобкгла лийяо лецехос аявеиоу
ANUOPOYLOS-TIMHSENEKEN; лщЦИСТО ЛщЦЕХОР ;43,77;
MERCURY201806061300.zip.id-203071EE.[stopencrypt@qq.com].adobe;0042,20;11/11/2018 4:17:24 ЛЛ;
********************////////*************************;;; пяобкгла пакио аявеио
MERCURY201806071300.zip.id-203071EE.[stopencrypt@qq.com].adobe;0042,34;11/11/2018 4:17:33 ЛЛ;
********************************************;;; пяобкгла лийяо лецехос аявеиоу
ARISTOGLOY-EFIMENKO; лщЦИСТО ЛщЦЕХОР ;62,22;
Efimrgo201809252109.zip;0000,00;25/9/2018 8:11:17 ЛЛ;
********************////////*************************;;; пяобкгла пакио аявеио
Efimrgo201811112108.zip;0062,21;11/11/2018 9:11:43 ЛЛ;
********************************************;;; пяобкгла лийяо лецехос аявеиоу
bergidoy-MISTOS; лщЦИСТО ЛщЦЕХОР ;156,40;
bergidoynew_misthos20180124090000.zip;0155,63;24/1/2018 9:02:10 ПЛ;
********************////////*************************;;; пяобкгла пакио аявеио
bergidoynew_misthos20180827090000.zip;0000,00;27/8/2018 8:02:53 ПЛ;
********************************************;;; пяобкгла лийяо лецехос аявеиоу
bergidoy-sx; лщЦИСТО ЛщЦЕХОР ;210,54;
bergidoysx20180124090000.zip;0210,54;24/1/2018 9:04:26 ПЛ;
********************////////*************************;;; пяобкгла пакио аявеио
bergidoysx20180827090000.zip;0000,00;27/8/2018 8:04:41 ПЛ;
bergidoy-tax; лщЦИСТО ЛщЦЕХОР ;159,76;
bergidoyTaxSystem20180124090000.zip;0158,99;24/1/2018 9:03:02 ПЛ;
********************////////*************************;;; пяобкгла пакио аявеио
bergidoyTaxSystem20180827090000.zip;0000,00;27/8/2018 8:03:33 ПЛ;
********************************************;;; пяобкгла лийяо лецехос аявеиоу
йийг TAX; лщЦИСТО ЛщЦЕХОР ;00,00;
********************************************;;; дем евеи йахокоу аявеиа
EMMANOYILIDOY-лисход; лщЦИСТО ЛщЦЕХОР ;00,00;
********************************************;;; дем евеи йахокоу аявеиа
EMMANOYILIDOY-тав; лщЦИСТО ЛщЦЕХОР ;00,00;
********************************************;;; дем евеи йахокоу аявеиа
EMMANOYILIDOY-SX; лщЦИСТО ЛщЦЕХОР ;00,00;
********************************************;;; дем евеи йахокоу аявеиа
ETED; лщЦИСТО ЛщЦЕХОР ;00,00;
etedblog20180703000000.z01.id-203071EE.[stopencrypt@qq.com].adobe;0000,00;11/11/2018 3:02:49 ЛЛ;
********************////////*************************;;; пяобкгла пакио аявеио
etedbmisthos20180703000000.z01.id-203071EE.[stopencrypt@qq.com].adobe;0000,00;11/11/2018 3:02:49 ЛЛ;
GABRHLOS -TAX; лщЦИСТО ЛщЦЕХОР ;00,00;
etedblog20180703000000.z01.id-203071EE.[stopencrypt@qq.com].adobe;0000,00;11/11/2018 3:02:49 ЛЛ;
********************////////*************************;;; пяобкгла пакио аявеио
etedbmisthos20180703000000.z01.id-203071EE.[stopencrypt@qq.com].adobe;0000,00;11/11/2018 3:02:49 ЛЛ;
GABRHLOS MISUOD; лщЦИСТО ЛщЦЕХОР ;00,00;
etedblog20180703000000.z01.id-203071EE.[stopencrypt@qq.com].adobe;0000,00;11/11/2018 3:02:49 ЛЛ;
********************////////*************************;;; пяобкгла пакио аявеио
etedbmisthos20180703000000.z01.id-203071EE.[stopencrypt@qq.com].adobe;0000,00;11/11/2018 3:02:49 ЛЛ;
GABRHLOS-SX; лщЦИСТО ЛщЦЕХОР ;00,00;
etedblog20180703000000.z01.id-203071EE.[stopencrypt@qq.com].adobe;0000,00;11/11/2018 3:02:49 ЛЛ;
********************////////*************************;;; пяобкгла пакио аявеио
etedbmisthos20180703000000.z01.id-203071EE.[stopencrypt@qq.com].adobe;0000,00;11/11/2018 3:02:49 ЛЛ;
ISAAKIDIS; лщЦИСТО ЛщЦЕХОР ;00,00;
********************************************;;; дем евеи йахокоу аявеиа
ISAAKIDIS B KATHG; лщЦИСТО ЛщЦЕХОР ;00,00;
********************************************;;; дем евеи йахокоу аявеиа
KALAITZIS-Mistos; лщЦИСТО ЛщЦЕХОР ;00,00;
********************************************;;; дем евеи йахокоу аявеиа
KALAITZIS-SX; лщЦИСТО ЛщЦЕХОР ;00,00;
********************************************;;; дем евеи йахокоу аявеиа
KALAITZIS-TAX; лщЦИСТО ЛщЦЕХОР ;00,00;
********************************************;;; дем евеи йахокоу аявеиа
karadimoy-damalis; лщЦИСТО ЛщЦЕХОР ;1619,89;
sx201807261518.zip;0000,00;26/7/2018 2:30:11 ЛЛ;
********************////////*************************;;; пяобкгла пакио аявеио
sx201808021510.zip;0000,00;2/8/2018 2:49:10 ЛЛ;
********************************************;;; пяобкгла лийяо лецехос аявеиоу
KARADIMOY-NEW; лщЦИСТО ЛщЦЕХОР ;534,70;
new_misthos201810031115.zip.id-203071EE.[stopencrypt@qq.com].adobe;0511,65;11/11/2018 4:53:06 ЛЛ;
********************////////*************************;;; пяобкгла пакио аявеио
new_misthos201810091533.zip.id-203071EE.[stopencrypt@qq.com].adobe;0511,90;11/11/2018 4:53:07 ЛЛ;
********************************************;;; пяобкгла лийяо лецехос аявеиоу
KARADIMOY-TAX; лщЦИСТО ЛщЦЕХОР ;778,10;
TaxSystem201810030959.zip.id-203071EE.[stopencrypt@qq.com].adobe;0773,87;11/11/2018 4:57:16 ЛЛ;
********************////////*************************;;; пяобкгла пакио аявеио
TaxSystem201810081503.zip.id-203071EE.[stopencrypt@qq.com].adobe;0774,26;11/11/2018 4:57:16 ЛЛ;
********************************************;;; пяобкгла лийяо лецехос аявеиоу
MANTZARID-SX; лщЦИСТО ЛщЦЕХОР ;1906,06;
sx201809131143.zip;0000,00;13/9/2018 10:51:54 ПЛ;
********************////////*************************;;; пяобкгла пакио аявеио
sx201810051101.zip;0000,00;5/10/2018 10:06:44 ПЛ;
********************************************;;; пяобкгла лийяо лецехос аявеиоу
MANTZARIDHS-misthos; лщЦИСТО ЛщЦЕХОР ;276,31;
misthos201809131148.zip;0000,00;13/9/2018 10:52:33 ПЛ;
********************////////*************************;;; пяобкгла пакио аявеио
misthos201809251214.zip;0000,00;25/9/2018 11:16:02 ПЛ;
********************************************;;; пяобкгла лийяо лецехос аявеиоу
MANTZARIDHS-tax; лщЦИСТО ЛщЦЕХОР ;453,84;
TaxSystem201809281100.zip;0000,00;28/9/2018 10:02:20 ПЛ;
********************////////*************************;;; пяобкгла пакио аявеио
TaxSystem201810231100.zip;0000,00;23/10/2018 10:01:43 ПЛ;
********************************************;;; пяобкгла лийяо лецехос аявеиоу
MILIOYSI лисходосиа; лщЦИСТО ЛщЦЕХОР ;157,91;
NEW_MISTHOS201811111507.zip;0157,08;11/11/2018 3:30:28 ЛЛ;
********************////////*************************;;; пяобкгла пакио аявеио
NEW_MISTHOS201805111507.zip.id-203071EE.[stopencrypt@qq.com].adobe;0137,56;11/11/2018 4:12:04 ЛЛ;
********************************************;;; пяобкгла лийяо лецехос аявеиоу
MILIOYSI SX; лщЦИСТО ЛщЦЕХОР ;176,90;
sx201811111507.zip;0176,13;11/11/2018 3:55:20 ЛЛ;
********************////////*************************;;; пяобкгла пакио аявеио
sx201805121507.zip.id-203071EE.[stopencrypt@qq.com].adobe;0163,20;11/11/2018 4:13:43 ЛЛ;
********************************************;;; пяобкгла лийяо лецехос аявеиоу
MILIOYSI TAX; лщЦИСТО ЛщЦЕХОР ;241,44;
TaxSystem201809121221.zip.id-203071EE.[stopencrypt@qq.com].adobe;0241,44;11/11/2018 4:15:19 ЛЛ;
********************////////*************************;;; пяобкгла пакио аявеио
TaxSystem201810181330.zip.id-203071EE.[stopencrypt@qq.com].adobe;0241,44;11/11/2018 4:15:32 ЛЛ;
MONTECRISTO; лщЦИСТО ЛщЦЕХОР ;00,00;
********************************************;;; дем евеи йахокоу аявеиа
MOYRMOYRH-NEW-MISTOS; лщЦИСТО ЛщЦЕХОР ;157,61;
moyrmnew_misthos20181005100000.zip;0000,00;5/10/2018 9:02:29 ПЛ;
********************////////*************************;;; пяобкгла пакио аявеио
moyrmnew_misthos20181022100000.zip;0000,00;22/10/2018 9:01:43 ПЛ;
********************************************;;; пяобкгла лийяо лецехос аявеиоу
MOYRMOYRH-SX; лщЦИСТО ЛщЦЕХОР ;225,91;
moyrmsx20180831100000.z01;0163,05;31/8/2018 9:07:22 ПЛ;
********************////////*************************;;; пяобкгла пакио аявеио
moyrmsx20180928100000.zip;0000,00;28/9/2018 9:03:38 ПЛ;
********************************************;;; пяобкгла лийяо лецехос аявеиоу
MOYRMOYRH-TAXSYSTEM; лщЦИСТО ЛщЦЕХОР ;374,54;
moyrmtaxsystem20180928100000.zip;0000,00;28/9/2018 9:04:11 ПЛ;
********************////////*************************;;; пяобкгла пакио аявеио
moyrmtaxsystem20181005100000.zip;0000,00;5/10/2018 9:04:30 ПЛ;
********************************************;;; пяобкгла лийяо лецехос аявеиоу
PAYLOS; лщЦИСТО ЛщЦЕХОР ;267,48;
PAYLOSnikos20180913010000.zip;0000,00;13/9/2018 12:03:05 ПЛ;
********************////////*************************;;; пяобкгла пакио аявеио
PAYLOSPYLON20180913010000.zip;0000,00;13/9/2018 12:10:23 ПЛ;
********************************************;;; пяобкгла лийяо лецехос аявеиоу
PAYLOS-NIKOS; лщЦИСТО ЛщЦЕХОР ;13,60;
PAYLOSnikos20180913010000.zip;0000,00;13/9/2018 12:03:05 ПЛ;
********************////////*************************;;; пяобкгла пакио аявеио
PAYLOSnikos20180904010000.zip.id-203071EE.[stopencrypt@qq.com].adobe;0013,19;11/11/2018 3:16:54 ЛЛ;
********************************************;;; пяобкгла лийяо лецехос аявеиоу
SALTIDIS; лщЦИСТО ЛщЦЕХОР ;21,94;
softone201807211100.zip;0021,93;21/7/2018 10:04:32 ПЛ;
********************////////*************************;;; пяобкгла пакио аявеио
softone201807221100.zip;0021,93;22/7/2018 10:04:47 ПЛ;
********************************************;;; пяобкгла лийяо лецехос аявеиоу
SGOYRA-NIKISIANI-TAX; лщЦИСТО ЛщЦЕХОР ;266,77;
TaxSystem201809281100.zip;0000,00;28/9/2018 10:03:45 ПЛ;
********************////////*************************;;; пяобкгла пакио аявеио
TaxSystem201810221100.zip;0000,00;22/10/2018 10:01:07 ПЛ;
********************************************;;; пяобкгла лийяо лецехос аявеиоу
SGOYROY SX; лщЦИСТО ЛщЦЕХОР ;155,64;
sx201809131143.zip;0000,00;13/9/2018 10:47:30 ПЛ;
********************////////*************************;;; пяобкгла пакио аявеио
sx201809281103.zip;0000,00;28/9/2018 10:04:53 ПЛ;
********************************************;;; пяобкгла лийяо лецехос аявеиоу
TASOS-NEW-IGNATHS-TROFIMA; лщЦИСТО ЛщЦЕХОР ;139,54;
TROFIMA201809130013.zip;0000,00;12/9/2018 11:20:03 ЛЛ;
********************////////*************************;;; пяобкгла пакио аявеио
TROFIMA201811120011.zip;0000,00;12/11/2018 12:16:05 ПЛ;
********************************************;;; пяобкгла лийяо лецехос аявеиоу
tasos=sx; лщЦИСТО ЛщЦЕХОР ;00,00;
tasossx20180724110000.z01;0000,00;24/7/2018 10:02:57 ПЛ;
********************////////*************************;;; пяобкгла пакио аявеио
tasossx20180717110000.z01.id-203071EE.[stopencrypt@qq.com].adobe;0000,00;11/11/2018 3:12:23 ЛЛ;
tasos=TAX; лщЦИСТО ЛщЦЕХОР ;264,08;
tasosTaxSystem20180717110000.z01.id-203071EE.[stopencrypt@qq.com].adobe;0000,00;11/11/2018 3:12:45 ЛЛ;
********************////////*************************;;; пяобкгла пакио аявеио
tasosTaxSystem20180718110000.z01.id-203071EE.[stopencrypt@qq.com].adobe;0000,00;11/11/2018 3:12:47 ЛЛ;
********************************************;;; пяобкгла лийяо лецехос аявеиоу
technopl-CONDTROL; лщЦИСТО ЛщЦЕХОР ;00,00;
********************************************;;; дем евеи йахокоу аявеиа
technoplastiki-paragogi; лщЦИСТО ЛщЦЕХОР ;00,00;
********************************************;;; дем евеи йахокоу аявеиа
TSOLPIDIS-MIST; лщЦИСТО ЛщЦЕХОР ;00,00;
********************************************;;; дем евеи йахокоу аявеиа
TSOLPIDIS-SOFT1; лщЦИСТО ЛщЦЕХОР ;00,00;
********************************************;;; дем евеи йахокоу аявеиа
XRISTIDIS; лщЦИСТО ЛщЦЕХОР ;801,10;
GALAXYXR201808051100.zip;0000,00;5/8/2018 10:02:37 ПЛ;
********************////////*************************;;; пяобкгла пакио аявеио
GALAXYXR201808271100.zip;0000,00;27/8/2018 10:02:29 ПЛ;
********************************************;;; пяобкгла лийяо лецехос аявеиоу
AMBROS-EFEDR; лщЦИСТО ЛщЦЕХОР ;1106,17;
ambros20181103220000.z01.id-203071EE.[stopencrypt@qq.com].adobe;0158,53;11/11/2018 3:06:55 ЛЛ;
********************////////*************************;;; пяобкгла пакио аявеио
ambros20181106220000.z01.id-203071EE.[stopencrypt@qq.com].adobe;0141,34;11/11/2018 3:06:58 ЛЛ;
********************************************;;; пяобкгла лийяо лецехос аявеиоу
ANDREOVITS-TIMHS ENEKEN; лщЦИСТО ЛщЦЕХОР ;59,02;
MERCURY201808111100.zip;0056,26;11/8/2018 10:15:18 ПЛ;
********************////////*************************;;; пяобкгла пакио аявеио
MERCURY201808141100.zip;0056,27;14/8/2018 10:15:50 ПЛ;
********************************************;;; пяобкгла лийяо лецехос аявеиоу
ANUOPOYLOS-TIMHSENEKEN; лщЦИСТО ЛщЦЕХОР ;43,77;
MERCURY201806061300.zip.id-203071EE.[stopencrypt@qq.com].adobe;0042,20;11/11/2018 4:17:24 ЛЛ;
********************////////*************************;;; пяобкгла пакио аявеио
MERCURY201806071300.zip.id-203071EE.[stopencrypt@qq.com].adobe;0042,34;11/11/2018 4:17:33 ЛЛ;
********************************************;;; пяобкгла лийяо лецехос аявеиоу
ARISTOGLOY-EFIMENKO; лщЦИСТО ЛщЦЕХОР ;62,22;
Efimrgo201809252109.zip;0000,00;25/9/2018 8:11:17 ЛЛ;
********************////////*************************;;; пяобкгла пакио аявеио
Efimrgo201811112108.zip;0062,21;11/11/2018 9:11:43 ЛЛ;
********************************************;;; пяобкгла лийяо лецехос аявеиоу
bergidoy-MISTOS; лщЦИСТО ЛщЦЕХОР ;155,63;
bergidoynew_misthos20180124090000.zip;0155,63;24/1/2018 9:02:10 ПЛ;
********************////////*************************;;; пяобкгла пакио аявеио
ber